{"lr-AdamW": 0.0, "trainer/global_step": 0, "_timestamp": 1713964893.635153, "_runtime": 15.769889116287231, "_step": 0, "_wandb": {"runtime": 16}}