{"lr-AdamW": 0.0004999950652140343, "trainer/global_step": 27731, "_timestamp": 1713972105.0281932, "_runtime": 6280.906991243362, "_step": 27734, "train_loss_step": 1.2751840353012085, "epoch": 1, "train_mlm_acc": 0.07523579895496368, "train_loss_epoch": 2.403987169265747}