{"lr-AdamW": 0.0, "trainer/global_step": 179, "_timestamp": 1713962307.6211615, "_runtime": 59.701032400131226, "_step": 180, "train_loss_step": 2.3970940113067627, "epoch": 0}