{"lr-AdamW": 0.0, "trainer/global_step": 0, "_timestamp": 1713959298.2446444, "_runtime": 44.44805932044983, "_step": 0, "_wandb": {"runtime": 46}}