{"lr-AdamW": 0.0, "trainer/global_step": 0, "_timestamp": 1713960964.1047041, "_runtime": 24.705230236053467, "_step": 0}