{"lr-AdamW": 0.0, "trainer/global_step": 0, "_timestamp": 1713959576.3266568, "_runtime": 26.01154589653015, "_step": 0}