{"lr-AdamW": 0.00012469436790224075, "trainer/global_step": 4489, "_timestamp": 1713972243.9136584, "_runtime": 1080.2553453445435, "_step": 8978, "train_loss_step": 1.3483885526657104, "epoch": 0