{"lr-AdamW": 0.0001083888386183012, "trainer/global_step": 3902, "_timestamp": 1713972105.3567824, "_runtime": 941.6984694004059, "_step": 7804, "train_loss_step": 1.3512190580368042, "epoch": 0}