{"lr-AdamW": 0.0, "trainer/global_step": 0, "_timestamp": 1713970313.76292, "_runtime": 50.55272579193115, "_step": 0}