{"lr-AdamW": 0.0, "trainer/global_step": 0, "_timestamp": 1713965783.6763344, "_runtime": 15.772764444351196, "_step": 0, "_wandb": {"runtime": 15}}